player,card_kind,card_name,flavor_name,set_code,collector_number,uuid,rarity,published_image,picture_url,sha256,dimensions
Alex,official,Angel of Vitality,"Alex, Divine Priest",WLX,001,f6a9cc3e-beac-5fac-84aa-ca36b34d7d10,rare,images/WLX/001-680c22b71393.png,https://raw.githubusercontent.com/seventyfourpandas-cyber/Faithful-Cockatrice-Pod-Arts/main/WLX/published/images/WLX/001-680c22b71393.png,680c22b71393004d0c10d1ade8eead9bc26b9cb26fb3891bde5498fdd8749384,1462x2048
Alex,official,Wedding Ring,,WLX,002,b7ed3e04-2245-5304-a933-8ce3975f0a58,special,images/WLX/002-469c6a028a1c.png,https://raw.githubusercontent.com/seventyfourpandas-cyber/Faithful-Cockatrice-Pod-Arts/main/WLX/published/images/WLX/002-469c6a028a1c.png,469c6a028a1cbb8451d3c2356e3c0669431d890236459f1b93ef143dd4163cfb,2976x4152
Will,official,"Shadowheart, Dark Justiciar",,WLX,005,ecb6b1ff-fb7b-527b-8ae1-7c87302c8bfb,special,images/WLX/005-2b21b1e6af30.jpg,https://raw.githubusercontent.com/seventyfourpandas-cyber/Faithful-Cockatrice-Pod-Arts/main/WLX/published/images/WLX/005-2b21b1e6af30.jpg,2b21b1e6af30181aee5eb96063065f8284f831982be3e42446c56dd38d471508,2976x4152
Will,official,Ghoulcaller Gisa,,WLX,006,ed2476c2-c159-59e3-8153-d96a2bcae779,special,images/WLX/006-273ccc6e677f.jpg,https://raw.githubusercontent.com/seventyfourpandas-cyber/Faithful-Cockatrice-Pod-Arts/main/WLX/published/images/WLX/006-273ccc6e677f.jpg,273ccc6e677f60afde3f5d29a42dc625506973a74dddceda5ac433528e4caed9,2976x4152
Will,official_double_faced,"Extus, Oriq Overlord",,WLX,007,aa42d7ed-2f5c-521b-bd3a-84a39a40bd38,special,images/WLX/007-front-0247de4a9c85.jpg,https://raw.githubusercontent.com/seventyfourpandas-cyber/Faithful-Cockatrice-Pod-Arts/main/WLX/published/images/WLX/007-front-0247de4a9c85.jpg,0247de4a9c8590c4cc9aac1945cee430f655484457292bcb7afe6964b12f6129,2976x4152
Will,official_double_faced,Awaken the Blood Avatar,,WLX,007,aa42d7ed-2f5c-521b-bd3a-84a39a40bd38,special,images/WLX/007-back-29fe4f892b95.jpg,https://raw.githubusercontent.com/seventyfourpandas-cyber/Faithful-Cockatrice-Pod-Arts/main/WLX/published/images/WLX/007-back-29fe4f892b95.jpg,29fe4f892b958ff6a0696390db71216061d44472b8d88309c1f4a6d7774549e4,2976x4152
Will,official_double_faced,Invasion of Tolvada,,WLX,008,2e847228-b8a4-5e0c-b14c-bc6699af72b9,special,images/WLX/008-front-58d4748f8013.jpg,https://raw.githubusercontent.com/seventyfourpandas-cyber/Faithful-Cockatrice-Pod-Arts/main/WLX/published/images/WLX/008-front-58d4748f8013.jpg,58d4748f8013f7ed6963fbaa01dda5ee09c7321e3ca343719f96e706898335b2,2976x4152
Will,official_double_faced,The Broken Sky,,WLX,008,2e847228-b8a4-5e0c-b14c-bc6699af72b9,special,images/WLX/008-back-b83eb7b6cd87.jpg,https://raw.githubusercontent.com/seventyfourpandas-cyber/Faithful-Cockatrice-Pod-Arts/main/WLX/published/images/WLX/008-back-b83eb7b6cd87.jpg,b83eb7b6cd87920f3a13269f2ea2a61aa8726a816bb237642e7d9047613a2ed9,2976x4152
Will,official,"Armaggon, Future Shark",,WLX,010,0284d1b8-7535-5b6e-9898-ff2da5a9bd83,special,images/WLX/010-c7a5fe7fdcda.jpg,https://raw.githubusercontent.com/seventyfourpandas-cyber/Faithful-Cockatrice-Pod-Arts/main/WLX/published/images/WLX/010-c7a5fe7fdcda.jpg,c7a5fe7fdcda0910df1cc4ef878e285fea8e8dea551f7232ed7812ef05813bc7,2976x4152
Will,official,Breach the Multiverse,,WLX,011,851a2ffc-3165-5aae-a2f5-15f25ad75846,special,images/WLX/011-15dc271b053a.jpg,https://raw.githubusercontent.com/seventyfourpandas-cyber/Faithful-Cockatrice-Pod-Arts/main/WLX/published/images/WLX/011-15dc271b053a.jpg,15dc271b053a606b2e759ee0c3d2a412578396d0697db83c29abe9b02910d3c1,2976x4152
Alex,official,Eriette of the Charmed Apple,,WLX,013,e01bf7bf-20c5-550f-a790-9c142c3c75d3,special,images/WLX/013-0bb9d9507937.jpg,https://raw.githubusercontent.com/seventyfourpandas-cyber/Faithful-Cockatrice-Pod-Arts/main/WLX/published/images/WLX/013-0bb9d9507937.jpg,0bb9d9507937143f05bfc2d4d65b7748e3c3b835be0857e1521ae6a7a8daa7d5,2976x4152
Will,official,"Animar, Soul of Elements",,WLX,014,cd3b0d09-97da-58f5-be31-cc16e24cc2b9,special,images/WLX/014-65d4d2606b90.jpg,https://raw.githubusercontent.com/seventyfourpandas-cyber/Faithful-Cockatrice-Pod-Arts/main/WLX/published/images/WLX/014-65d4d2606b90.jpg,65d4d2606b903a20954737c38fc69a1d2ee9c85f48b2ae10b3f2e559f75b529d,2976x4152
Will,official,Animate Dead,,WLX,015,e1a30784-a860-599e-9de3-c93187f601eb,special,images/WLX/015-831e1fa90e33.jpg,https://raw.githubusercontent.com/seventyfourpandas-cyber/Faithful-Cockatrice-Pod-Arts/main/WLX/published/images/WLX/015-831e1fa90e33.jpg,831e1fa90e33801b03fba918da009a432e7c8385a70868175bb3bfe7e2286d71,2976x4152
Will,official,Annie Joins Up,,WLX,016,588bd25c-b252-5129-9826-b7c95f21ab74,special,images/WLX/016-d010bcdf6103.jpg,https://raw.githubusercontent.com/seventyfourpandas-cyber/Faithful-Cockatrice-Pod-Arts/main/WLX/published/images/WLX/016-d010bcdf6103.jpg,d010bcdf6103005f3bcbb167171dbb493040214141e8d5f1fcf6cbc4bc87f006,2976x4152
Will,official,Apex Altisaur,,WLX,017,2d3b8ce8-64d6-51f4-8b58-89423368101f,special,images/WLX/017-5dd8b5cd0566.jpg,https://raw.githubusercontent.com/seventyfourpandas-cyber/Faithful-Cockatrice-Pod-Arts/main/WLX/published/images/WLX/017-5dd8b5cd0566.jpg,5dd8b5cd05662f9f9c36ad9ced1e42bdb5e92000499e61eec22e923060a01459,2976x4152
Will,official,Archfiend of Despair,,WLX,018,b1bb9fd4-1b93-53a0-ac4b-69adff6e4ec2,special,images/WLX/018-518bd79351f4.jpg,https://raw.githubusercontent.com/seventyfourpandas-cyber/Faithful-Cockatrice-Pod-Arts/main/WLX/published/images/WLX/018-518bd79351f4.jpg,518bd79351f40cf4a574e98949f49ebac1025220a559e3f05c6eb74de021244e,2976x4152
Will,official,Aura Shards,,WLX,019,5b3ae90a-7589-5031-873b-9cbb0050bf0e,special,images/WLX/019-8db38160562c.jpg,https://raw.githubusercontent.com/seventyfourpandas-cyber/Faithful-Cockatrice-Pod-Arts/main/WLX/published/images/WLX/019-8db38160562c.jpg,8db38160562c90562772edd7b155e28ef79f56424180ac9427e857f1970c8363,2976x4152
Will,official,Avatar's Wrath,,WLX,020,5d7c2ba4-4cdf-58c5-874f-b1127413b18b,special,images/WLX/020-b43531754885.jpg,https://raw.githubusercontent.com/seventyfourpandas-cyber/Faithful-Cockatrice-Pod-Arts/main/WLX/published/images/WLX/020-b43531754885.jpg,b43531754885953c1fd3c0733b115d782b731f404fcdce60077b518d422f2983,2976x4152
Will,official,Avenger of Zendikar,,WLX,021,ec271222-ee5e-5f8b-ba3b-78fe0d06de0e,special,images/WLX/021-2014292c1c2b.jpg,https://raw.githubusercontent.com/seventyfourpandas-cyber/Faithful-Cockatrice-Pod-Arts/main/WLX/published/images/WLX/021-2014292c1c2b.jpg,2014292c1c2b144905732d661690a35fa54778085df5eecbe7c5d3ca3af16d83,2976x4152
Will,official,Barbflare Gremlin,,WLX,022,6ff1130e-f69f-538c-9976-7f8247ecb1af,special,images/WLX/022-2eaf099372b7.jpg,https://raw.githubusercontent.com/seventyfourpandas-cyber/Faithful-Cockatrice-Pod-Arts/main/WLX/published/images/WLX/022-2eaf099372b7.jpg,2eaf099372b7594548d2d4a1c4fa1d3aab0bab52f0bed6dd1796cbef5abd4a5f,2976x4152
Will,official,Bastion of Remembrance,,WLX,023,a0e73ad7-e7c0-598a-8677-ef4ff46ffaa8,special,images/WLX/023-fd4306e07014.jpg,https://raw.githubusercontent.com/seventyfourpandas-cyber/Faithful-Cockatrice-Pod-Arts/main/WLX/published/images/WLX/023-fd4306e07014.jpg,fd4306e07014f1ea81e3dc55a3f62dd0cd40ada71f5ed003dff3eb73a629b634,2976x4152
Will,official,Blood Pact,,WLX,024,b642868e-32a6-546c-bb30-fff43280e472,special,images/WLX/024-8917eada14db.jpg,https://raw.githubusercontent.com/seventyfourpandas-cyber/Faithful-Cockatrice-Pod-Arts/main/WLX/published/images/WLX/024-8917eada14db.jpg,8917eada14db954ef72a2ba6941555c9f8c47180c3cc158402583f0e1b7d2e33,2976x4152
Will,official,Bog Witch,,WLX,025,fc7c0b6b-1d88-5359-a419-8068b8b92800,special,images/WLX/025-ddd0fa5bb35d.jpg,https://raw.githubusercontent.com/seventyfourpandas-cyber/Faithful-Cockatrice-Pod-Arts/main/WLX/published/images/WLX/025-ddd0fa5bb35d.jpg,ddd0fa5bb35dc913b58ca87c867647c247d430f0ee9becf8ea715f56a9b152dd,2976x4152
Will,official,Bone Shards,,WLX,026,753c5f8c-3744-52fa-a3f5-307905377eb4,special,images/WLX/026-744383d143e1.jpg,https://raw.githubusercontent.com/seventyfourpandas-cyber/Faithful-Cockatrice-Pod-Arts/main/WLX/published/images/WLX/026-744383d143e1.jpg,744383d143e1bed184374a0f8081d0c6c6f9c689bf8802ce76a2acf660b00b6a,2976x4152
Will,official,Bonehoard Dracosaur,,WLX,027,66e2a218-bb70-5306-8970-7ed1dd74feeb,special,images/WLX/027-758f54bee465.jpg,https://raw.githubusercontent.com/seventyfourpandas-cyber/Faithful-Cockatrice-Pod-Arts/main/WLX/published/images/WLX/027-758f54bee465.jpg,758f54bee4659ba39e471b600beef4ef8b7a3d66a6192348a03b9b66e45294d8,2976x4152
Will,official,Brighthearth Banneret,,WLX,028,46dc17a2-6135-5019-9666-4d6336f1fff1,special,images/WLX/028-9b6a9e07ad28.jpg,https://raw.githubusercontent.com/seventyfourpandas-cyber/Faithful-Cockatrice-Pod-Arts/main/WLX/published/images/WLX/028-9b6a9e07ad28.jpg,9b6a9e07ad2887a748b9f9c477dff4f7bca5076b5ce53d01ea9bea779cd4ea57,2976x4152
Will,official,Cavalier of Gales,,WLX,029,76eb831f-abdd-5c4b-9cde-3ffe09f67775,special,images/WLX/029-7dc032e5cb93.jpg,https://raw.githubusercontent.com/seventyfourpandas-cyber/Faithful-Cockatrice-Pod-Arts/main/WLX/published/images/WLX/029-7dc032e5cb93.jpg,7dc032e5cb93210722bbc2b867f92b68f05da388a041bdd5b79710425643bf52,2976x4152
Will,official,Cavalier of Thorns,,WLX,030,451ac372-ef90-5c39-ab1e-b2ff03fb5fc1,special,images/WLX/030-00b724a80518.jpg,https://raw.githubusercontent.com/seventyfourpandas-cyber/Faithful-Cockatrice-Pod-Arts/main/WLX/published/images/WLX/030-00b724a80518.jpg,00b724a805180800a11eaffeb8538225cb81e58b4c9372ef0b52898dc4cb2223,2976x4152
Will,official,Champion of the Path,,WLX,031,0335069f-1e3e-5841-95e3-91f82cbc2d24,special,images/WLX/031-8b4d89e3ec7d.jpg,https://raw.githubusercontent.com/seventyfourpandas-cyber/Faithful-Cockatrice-Pod-Arts/main/WLX/published/images/WLX/031-8b4d89e3ec7d.jpg,8b4d89e3ec7dd15a67e43b885301a4d3c9969cfe9116b80b48a8e9f800370462,2976x4152
Will,official,Chaos Warp,,WLX,032,b95e58ad-77c6-5081-8769-051f99ccdcdb,special,images/WLX/032-7dde838adb68.jpg,https://raw.githubusercontent.com/seventyfourpandas-cyber/Faithful-Cockatrice-Pod-Arts/main/WLX/published/images/WLX/032-7dde838adb68.jpg,7dde838adb68863f27028bad8dd3b07a788ff7e751cd89dbbec5d4251bb1f80a,2976x4152
Will,official,Codex Shredder,,WLX,033,000a7fbe-f6f0-5c67-9691-b09ac86b7ab2,special,images/WLX/033-05f29405744f.jpg,https://raw.githubusercontent.com/seventyfourpandas-cyber/Faithful-Cockatrice-Pod-Arts/main/WLX/published/images/WLX/033-05f29405744f.jpg,05f29405744ffdb6232a870d318352650e8e4035f759bccca9c802f13c63d6f4,2976x4152
Will,official,Colossus of Akros,,WLX,034,2017aa0c-a126-5e0a-9d59-171556e45c25,special,images/WLX/034-e1fe9828804f.jpg,https://raw.githubusercontent.com/seventyfourpandas-cyber/Faithful-Cockatrice-Pod-Arts/main/WLX/published/images/WLX/034-e1fe9828804f.jpg,e1fe9828804fb06109af2f5b1781849a9c4e8b5534857f89ff3cbf7fd6954773,2976x4152
Will,official,Corpses of the Lost,,WLX,035,2ab69787-322a-5f00-a975-7586abae86dd,special,images/WLX/035-d790e7928b18.jpg,https://raw.githubusercontent.com/seventyfourpandas-cyber/Faithful-Cockatrice-Pod-Arts/main/WLX/published/images/WLX/035-d790e7928b18.jpg,d790e7928b1849a6fe14aea971730918762ec3024d5051c20a6f3a0ee6b05112,2976x4152
Will,official,Cream of the Crop,,WLX,036,b655d0c8-8752-5e69-9f86-8d9cdcb9e7e9,special,images/WLX/036-4c8799db28c5.jpg,https://raw.githubusercontent.com/seventyfourpandas-cyber/Faithful-Cockatrice-Pod-Arts/main/WLX/published/images/WLX/036-4c8799db28c5.jpg,4c8799db28c5462d4205213f3c44081c2c5d2334a3d25ba08e21c507638507d0,2976x4152
Will,official,Disciple of Bolas,,WLX,037,4d772581-260c-5b6f-8f6e-d8210fbfda7e,special,images/WLX/037-9514b87554d0.jpg,https://raw.githubusercontent.com/seventyfourpandas-cyber/Faithful-Cockatrice-Pod-Arts/main/WLX/published/images/WLX/037-9514b87554d0.jpg,9514b87554d019a0ca73bf400d1e222fa201606837ee356d0d3e58c79984c7b4,2976x4152
Will,official,"Doc Aurlock, Grizzled Genius",,WLX,038,978b4871-2f10-5d95-acee-98eec41b8980,special,images/WLX/038-91ea48380f8b.png,https://raw.githubusercontent.com/seventyfourpandas-cyber/Faithful-Cockatrice-Pod-Arts/main/WLX/published/images/WLX/038-91ea48380f8b.png,91ea48380f8bf81500422959fb245dc7d34d5f3b25e577d347b79ef04b29698b,2976x4152
Will,official,Eerie Interlude,,WLX,039,7f148816-bf2a-5e6c-86e6-e00b4a6bba7e,special,images/WLX/039-c78ab93ba3da.jpg,https://raw.githubusercontent.com/seventyfourpandas-cyber/Faithful-Cockatrice-Pod-Arts/main/WLX/published/images/WLX/039-c78ab93ba3da.jpg,c78ab93ba3daed0d1c9541b56f2a8fd9859744ee99b0e97847885cd481fcd364,2976x4152
Will,official,Eladamri's Call,,WLX,040,bc297dc0-1071-51dc-8212-3df2a776ee32,special,images/WLX/040-7e0e63f10a14.jpg,https://raw.githubusercontent.com/seventyfourpandas-cyber/Faithful-Cockatrice-Pod-Arts/main/WLX/published/images/WLX/040-7e0e63f10a14.jpg,7e0e63f10a14b878c7967fde6bcaff23c4338c7e9b5230b3aad84ce703224eff,2976x4152
Will,official,Elemental Bond,,WLX,041,ea387e1c-9582-58f2-a700-b4622437107b,special,images/WLX/041-b004bce278f8.jpg,https://raw.githubusercontent.com/seventyfourpandas-cyber/Faithful-Cockatrice-Pod-Arts/main/WLX/published/images/WLX/041-b004bce278f8.jpg,b004bce278f8884b3e0d024713f7dc0ca8e4536d34adecd6a7ca5892dc0b5a6d,2976x4152
Will,official,Esper Sentinel,,WLX,042,092c2575-f71d-5c32-ba19-c1de6a9c855f,special,images/WLX/042-7cca084fe097.jpg,https://raw.githubusercontent.com/seventyfourpandas-cyber/Faithful-Cockatrice-Pod-Arts/main/WLX/published/images/WLX/042-7cca084fe097.jpg,7cca084fe097abc346d26ccd6770dd4f8eec5f92239b7ee0e3ac8d25c2e144c8,2976x4152
Will,official,Everybody Lives!,,WLX,043,6677cab8-a8e9-5681-8cf8-661871813610,special,images/WLX/043-082b5068d645.jpg,https://raw.githubusercontent.com/seventyfourpandas-cyber/Faithful-Cockatrice-Pod-Arts/main/WLX/published/images/WLX/043-082b5068d645.jpg,082b5068d645ba57ad132fa31ebfe00fb88297b27ad7c9cfd79c7a996ae7d175,2976x4152
Will,official,Faeburrow Elder,,WLX,044,14f7f6f3-5a7a-5299-9401-91351aab55f5,special,images/WLX/044-e25da7f3d5bd.jpg,https://raw.githubusercontent.com/seventyfourpandas-cyber/Faithful-Cockatrice-Pod-Arts/main/WLX/published/images/WLX/044-e25da7f3d5bd.jpg,e25da7f3d5bda86a33634defc30ddec6ae36164f2bebce5aa3089dddc80f6e4d,2976x4152
Will,official,Fanatic of Rhonas,,WLX,045,1701259c-f284-549b-82be-28173e805087,special,images/WLX/045-9f03123e9c55.jpg,https://raw.githubusercontent.com/seventyfourpandas-cyber/Faithful-Cockatrice-Pod-Arts/main/WLX/published/images/WLX/045-9f03123e9c55.jpg,9f03123e9c55600062e658f366ff5a39610f970f0f1d64925d67ffdf5c09c9c1,2976x4152
Will,official,Far Traveler,,WLX,046,5b696be6-269d-58da-af6c-8c25a721ddaf,special,images/WLX/046-f6b6aabdc337.jpg,https://raw.githubusercontent.com/seventyfourpandas-cyber/Faithful-Cockatrice-Pod-Arts/main/WLX/published/images/WLX/046-f6b6aabdc337.jpg,f6b6aabdc337965f33dccbe1cd55eb99d77bef7e7835934aba0de03406ef393c,2976x4152
Will,official,Fate Unraveler,,WLX,047,b8daceae-a60b-5a42-a9de-82e10f843f72,special,images/WLX/047-8c34b8e7eb4b.jpg,https://raw.githubusercontent.com/seventyfourpandas-cyber/Faithful-Cockatrice-Pod-Arts/main/WLX/published/images/WLX/047-8c34b8e7eb4b.jpg,8c34b8e7eb4b3493d7c5febc68d3391bf75a52a002df1f7ed925cdd939d5d1ac,2976x4152
Will,official,Fellwar Stone,,WLX,048,144cc22a-c717-5a8e-adf6-c5d3840fab62,special,images/WLX/048-827a0530e874.jpg,https://raw.githubusercontent.com/seventyfourpandas-cyber/Faithful-Cockatrice-Pod-Arts/main/WLX/published/images/WLX/048-827a0530e874.jpg,827a0530e87419e2a66b79a44ef258bba2185306d29ec627e10c57ce04d3722d,2976x4152
Will,official,Flamebraider,,WLX,049,616bc982-15b9-53c2-a282-d6f707614aa2,special,images/WLX/049-41ade7bc5beb.jpg,https://raw.githubusercontent.com/seventyfourpandas-cyber/Faithful-Cockatrice-Pod-Arts/main/WLX/published/images/WLX/049-41ade7bc5beb.jpg,41ade7bc5bebf5d76265a5187ea8fcb2ce6ecbc7ff711b7e04be26431bec8a00,2976x4152
Will,official,Flamekin Harbinger,,WLX,050,2070fbf2-49d6-5195-8a31-b13801fb88bf,special,images/WLX/050-604c0dbbb38f.jpg,https://raw.githubusercontent.com/seventyfourpandas-cyber/Faithful-Cockatrice-Pod-Arts/main/WLX/published/images/WLX/050-604c0dbbb38f.jpg,604c0dbbb38fcf630db636f84d7fe142f9dace3cc5a6e139f105b214d08d1441,2976x4152
Will,official,Fog,,WLX,051,a583faa6-1a11-5b52-a4fe-99be1b4bb081,special,images/WLX/051-2320380b04fe.jpg,https://raw.githubusercontent.com/seventyfourpandas-cyber/Faithful-Cockatrice-Pod-Arts/main/WLX/published/images/WLX/051-2320380b04fe.jpg,2320380b04fe869a7a1d69591aa5097173fc0ceddeb70168f47d9e2ac3ab096e,2976x4152
Will,official,Forerunner of the Empire,,WLX,052,e97dae0c-ca31-5f03-8daf-d6bd6db09af1,special,images/WLX/052-0c1f33817c5f.jpg,https://raw.githubusercontent.com/seventyfourpandas-cyber/Faithful-Cockatrice-Pod-Arts/main/WLX/published/images/WLX/052-0c1f33817c5f.jpg,0c1f33817c5f7520489ef7d4f034c5612771a4de45472e137326b39a1e64fe62,2976x4152
Will,official,Foundation Breaker,,WLX,053,6280c507-c9df-5a1f-8d5b-9aba3218d059,special,images/WLX/053-e013a2f521b3.jpg,https://raw.githubusercontent.com/seventyfourpandas-cyber/Faithful-Cockatrice-Pod-Arts/main/WLX/published/images/WLX/053-e013a2f521b3.jpg,e013a2f521b382f6e120b9bdcf84f56c3069cc373c17e1c30f70fe884abf6323,2976x4152
Will,official,Fury Storm,,WLX,054,43ae2ed9-3c33-51b4-ade2-5e4e8325bed0,special,images/WLX/054-438917d18be3.jpg,https://raw.githubusercontent.com/seventyfourpandas-cyber/Faithful-Cockatrice-Pod-Arts/main/WLX/published/images/WLX/054-438917d18be3.jpg,438917d18be39832470cd687f8ec23237d162cb2d89a3641fea74a1fecfb69bf,2976x4152
Will,official,"Garnet, Princess of Alexandria",,WLX,055,7070b163-d2ee-5dac-8eed-f9956a69ef0a,special,images/WLX/055-4877c0be6c23.jpg,https://raw.githubusercontent.com/seventyfourpandas-cyber/Faithful-Cockatrice-Pod-Arts/main/WLX/published/images/WLX/055-4877c0be6c23.jpg,4877c0be6c235b723e0f31060cf5fe0a19f71f0ffe4ede491735237fbdb1e768,2976x4152
Will,official,Ghostfire Slice,,WLX,056,9c6ab1e3-ba45-5fc2-b73c-9cb63b24fe4f,special,images/WLX/056-e0d1ec0e41e7.jpg,https://raw.githubusercontent.com/seventyfourpandas-cyber/Faithful-Cockatrice-Pod-Arts/main/WLX/published/images/WLX/056-e0d1ec0e41e7.jpg,e0d1ec0e41e7f2fd751bd92c2e8fcd80e32abb083b582a3d95a53704f28c0a7f,2976x4152
Will,official,"Ghyrson Starn, Kelermorph",,WLX,057,c4e7832a-1859-5ee9-a17b-639fea1fb08c,special,images/WLX/057-0bdbc2fc04c3.jpg,https://raw.githubusercontent.com/seventyfourpandas-cyber/Faithful-Cockatrice-Pod-Arts/main/WLX/published/images/WLX/057-0bdbc2fc04c3.jpg,0bdbc2fc04c362bfe8ce988e7f862170d78c4447df3ac508f2d7a19dc97be19b,2976x4152
Will,official,Gleeful Arsonist,,WLX,058,614cc94a-c024-5782-974b-bb09dc1cb17c,special,images/WLX/058-952eff0fa504.jpg,https://raw.githubusercontent.com/seventyfourpandas-cyber/Faithful-Cockatrice-Pod-Arts/main/WLX/published/images/WLX/058-952eff0fa504.jpg,952eff0fa504820ff03750033d32f6b64581a015ae9dc9d4175131fa52d38a58,2976x4152
Will,official,Grave Sifter,,WLX,059,dea95354-aa40-5c12-a3e6-58b08b5413f7,special,images/WLX/059-3a61c2a5588a.jpg,https://raw.githubusercontent.com/seventyfourpandas-cyber/Faithful-Cockatrice-Pod-Arts/main/WLX/published/images/WLX/059-3a61c2a5588a.jpg,3a61c2a5588a7948a2b718d944416b08c845cb0b1983f421b81e0aa33bb973a4,2976x4152
Will,official,Greenwarden of Murasa,,WLX,060,3526a2e2-a5a9-5dba-b6a3-2c06865e6fa2,special,images/WLX/060-dfa5e21a15b9.jpg,https://raw.githubusercontent.com/seventyfourpandas-cyber/Faithful-Cockatrice-Pod-Arts/main/WLX/published/images/WLX/060-dfa5e21a15b9.jpg,dfa5e21a15b9cd2f24a55c36417a4be84f8b4305c597bd50f078e398849d86f0,2976x4152
Will,official,Harsh Mentor,,WLX,061,be0db812-1b44-5561-9922-7a9f224fb268,special,images/WLX/061-f8df8a0340c2.jpg,https://raw.githubusercontent.com/seventyfourpandas-cyber/Faithful-Cockatrice-Pod-Arts/main/WLX/published/images/WLX/061-f8df8a0340c2.jpg,f8df8a0340c2831ac51895e62c8b283f09665a81eeac6f34c197b9c2ed3a8948,2976x4152
Will,official,High Perfect Morcant,,WLX,062,06d29152-c0f5-5309-be2a-cae3fcf16349,special,images/WLX/062-41acef0f1d2b.jpg,https://raw.githubusercontent.com/seventyfourpandas-cyber/Faithful-Cockatrice-Pod-Arts/main/WLX/published/images/WLX/062-41acef0f1d2b.jpg,41acef0f1d2bf27ea6f34e07660640261f71e02ab8870444bd3d551091d61cbc,2976x4152
Will,official,Hulking Raptor,,WLX,063,2fc761a1-39ea-5dcc-8d2b-73e6396a958c,special,images/WLX/063-f7c114a3c463.jpg,https://raw.githubusercontent.com/seventyfourpandas-cyber/Faithful-Cockatrice-Pod-Arts/main/WLX/published/images/WLX/063-f7c114a3c463.jpg,f7c114a3c463ab371e982e265e19629ea153a5fc8c90ce7546511017a4b65d1a,2976x4152
Will,official,Illuminor Szeras,,WLX,064,e456c526-5ad3-58ed-9fb0-92205006345c,special,images/WLX/064-3a94ea360321.jpg,https://raw.githubusercontent.com/seventyfourpandas-cyber/Faithful-Cockatrice-Pod-Arts/main/WLX/published/images/WLX/064-3a94ea360321.jpg,3a94ea3603213c40e3e7e3003976b9f9323a7647c82d624168d094292d52d39f,2976x4152
Will,official,Incandescent Soulstoke,,WLX,065,fb081480-9bfe-5634-b844-c19ad837aab0,special,images/WLX/065-7ae1248dc093.jpg,https://raw.githubusercontent.com/seventyfourpandas-cyber/Faithful-Cockatrice-Pod-Arts/main/WLX/published/images/WLX/065-7ae1248dc093.jpg,7ae1248dc0939cfa6f8ba3faab37751021b3cf0fa7267f26d0ab335b0a3c2ca9,2976x4152
Will,official,Ingot Chewer,,WLX,066,4e95ce46-e64d-5f57-a02f-13bb86b7f466,special,images/WLX/066-9fa3405d987d.jpg,https://raw.githubusercontent.com/seventyfourpandas-cyber/Faithful-Cockatrice-Pod-Arts/main/WLX/published/images/WLX/066-9fa3405d987d.jpg,9fa3405d987d4fd60ab7ad24825999677741853bb6e8187b50b6e1a198471d6f,2976x4152
Will,official,"Kardur, Doomscourge",,WLX,067,4bbaf1b3-df61-5ff6-ac6d-15388e6277b2,special,images/WLX/067-2208f705bd96.jpg,https://raw.githubusercontent.com/seventyfourpandas-cyber/Faithful-Cockatrice-Pod-Arts/main/WLX/published/images/WLX/067-2208f705bd96.jpg,2208f705bd963a17c86fd09b4c414312cf8e05465d29d8af72aaf2f1e887e0e2,2976x4152
Will,official,Kederekt Parasite,,WLX,068,9a591606-7ab0-58a5-8277-d5d2acd9d2b5,special,images/WLX/068-a32ce59d9c5c.jpg,https://raw.githubusercontent.com/seventyfourpandas-cyber/Faithful-Cockatrice-Pod-Arts/main/WLX/published/images/WLX/068-a32ce59d9c5c.jpg,a32ce59d9c5c6a0abfdab734f1044b730b3b4b821638cd81a6f6381466b78671,2976x4152
Will,official,Lae'zel's Acrobatics,,WLX,069,d1fa16b2-9aea-5e06-a12e-0e69d7ae8a03,special,images/WLX/069-a6c4f8bc3178.jpg,https://raw.githubusercontent.com/seventyfourpandas-cyber/Faithful-Cockatrice-Pod-Arts/main/WLX/published/images/WLX/069-a6c4f8bc3178.jpg,a6c4f8bc3178806e5b94406b5369006f75c8416bc46ae23d2e0bb1d42b4408fd,2976x4152
Will,official,Lavaspur Boots,,WLX,070,7164d953-2749-5d27-afc9-efe188d87515,special,images/WLX/070-70413822a3b9.jpg,https://raw.githubusercontent.com/seventyfourpandas-cyber/Faithful-Cockatrice-Pod-Arts/main/WLX/published/images/WLX/070-70413822a3b9.jpg,70413822a3b9b3780afdcaf1efe55f067d97b5e217cb44a1d1a3fc97f60d0d87,2976x4152
Will,official,Library of Leng,,WLX,071,d8f4bece-b2a4-52a3-9cee-fa3d4e6cc66c,special,images/WLX/071-5d499a19353d.jpg,https://raw.githubusercontent.com/seventyfourpandas-cyber/Faithful-Cockatrice-Pod-Arts/main/WLX/published/images/WLX/071-5d499a19353d.jpg,5d499a19353d85a1c55ee5b722867a85b4e018209d268e8c7d4df94c34808468,2976x4152
Will,official,Lurking Predators,,WLX,072,b4ac4c7c-c4cd-5c9e-af56-5084a856ffff,special,images/WLX/072-81ea920e3d34.jpg,https://raw.githubusercontent.com/seventyfourpandas-cyber/Faithful-Cockatrice-Pod-Arts/main/WLX/published/images/WLX/072-81ea920e3d34.jpg,81ea920e3d34eb16e06eaa8bbdf6e127ede782269c06dc6685d568650343daa3,2976x4152
Will,official,Maelstrom Wanderer,,WLX,073,532b91f7-c827-52fd-acba-31fc045fa15d,special,images/WLX/073-579608745317.jpg,https://raw.githubusercontent.com/seventyfourpandas-cyber/Faithful-Cockatrice-Pod-Arts/main/WLX/published/images/WLX/073-579608745317.jpg,57960874531742665ad56670cf8d334baf255394a1f2954cc4d42d3260b45859,2976x4152
Will,official,Manabarbs,,WLX,074,562feb31-35f9-5754-9605-17216e91af33,special,images/WLX/074-0c78f3917138.jpg,https://raw.githubusercontent.com/seventyfourpandas-cyber/Faithful-Cockatrice-Pod-Arts/main/WLX/published/images/WLX/074-0c78f3917138.jpg,0c78f3917138aee7db01b7146484c1abaa5f2cd712b80378ae9b345c0f0f2ffb,2976x4152
Will,official,Mayhem Devil,,WLX,075,5e8057a1-46e7-578d-bffb-909ea8867986,special,images/WLX/075-65773d28c97b.jpg,https://raw.githubusercontent.com/seventyfourpandas-cyber/Faithful-Cockatrice-Pod-Arts/main/WLX/published/images/WLX/075-65773d28c97b.jpg,65773d28c97bdea94bfd43106237b23a97144330bc23c0b9b13f465e5c634fef,2976x4152
Will,official,Mind Stone,,WLX,076,3e63f6c6-5050-5ed3-b89d-ba8045858fc4,special,images/WLX/076-16757cfd9831.jpg,https://raw.githubusercontent.com/seventyfourpandas-cyber/Faithful-Cockatrice-Pod-Arts/main/WLX/published/images/WLX/076-16757cfd9831.jpg,16757cfd98314c4082723def3ea1cce2912f6d343b29d70894794c63905c78bb,2976x4152
Will,official,Molten Echoes,,WLX,077,e9c32b86-c386-5627-ad5b-9b5d5cd5b487,special,images/WLX/077-5c58eff9c461.jpg,https://raw.githubusercontent.com/seventyfourpandas-cyber/Faithful-Cockatrice-Pod-Arts/main/WLX/published/images/WLX/077-5c58eff9c461.jpg,5c58eff9c461a7f35eb4d2c96592d95459b52405ea4b1e9542396c8b3afa2828,2976x4152
Will,official,Monstrous Vortex,,WLX,078,25fbfd94-6bbd-5a44-b45e-9d3033e2a2c3,special,images/WLX/078-b69673500f7b.jpg,https://raw.githubusercontent.com/seventyfourpandas-cyber/Faithful-Cockatrice-Pod-Arts/main/WLX/published/images/WLX/078-b69673500f7b.jpg,b69673500f7ba9e584f374d93cf4faa51c0de581fd58fdfac2285cbb46d5e595,2976x4152
Will,official,Nightshade Harvester,,WLX,079,764c3846-a2a8-530e-89ac-86d5fffa6759,special,images/WLX/079-fd709dd99d36.jpg,https://raw.githubusercontent.com/seventyfourpandas-cyber/Faithful-Cockatrice-Pod-Arts/main/WLX/published/images/WLX/079-fd709dd99d36.jpg,fd709dd99d3664679910fb0f402ccd56ee4fbf5700f9be575f290dd78a0e6948,2976x4152
Will,official,Oath of Lieges,,WLX,080,9bfb3042-209d-5e9b-a75e-92c3698eead4,special,images/WLX/080-37c4a8c03ced.jpg,https://raw.githubusercontent.com/seventyfourpandas-cyber/Faithful-Cockatrice-Pod-Arts/main/WLX/published/images/WLX/080-37c4a8c03ced.jpg,37c4a8c03ced7e8605de994d77ec3fb596c4ee4a9bce14c451e0d9243b43923a,2976x4152
Will,official,"Omnath, Locus of Rage",,WLX,081,c099b5a8-a680-5561-ba9e-5f6e0772e4ba,special,images/WLX/081-7f7cc0bb30b8.jpg,https://raw.githubusercontent.com/seventyfourpandas-cyber/Faithful-Cockatrice-Pod-Arts/main/WLX/published/images/WLX/081-7f7cc0bb30b8.jpg,7f7cc0bb30b810ef0149bfb9348d5550ce8a86c2ae67144539a115f8c68f619d,2976x4152
Will,official,"Omnath, Locus of the Roil",,WLX,082,0f59ac3d-d64b-5b02-8fb6-135bf7972988,special,images/WLX/082-90399ded5283.jpg,https://raw.githubusercontent.com/seventyfourpandas-cyber/Faithful-Cockatrice-Pod-Arts/main/WLX/published/images/WLX/082-90399ded5283.jpg,90399ded528320039bf3409f673c9ec8bd1518bb8dfc9297c078cfdcf86bc8e6,2976x4152
Will,official,Otepec Huntmaster,,WLX,083,9dcc54d5-cc34-51c4-9a5e-195d36d93fd1,special,images/WLX/083-1282beb8518b.jpg,https://raw.githubusercontent.com/seventyfourpandas-cyber/Faithful-Cockatrice-Pod-Arts/main/WLX/published/images/WLX/083-1282beb8518b.jpg,1282beb8518b0fc18dde6524044bb798009716f20a8b11d442bf51ad276bde01,2976x4152
Will,official,Overgrowth Elemental,,WLX,084,bccf757f-2eab-52a9-9557-992563804a18,special,images/WLX/084-0e553f8c1bed.jpg,https://raw.githubusercontent.com/seventyfourpandas-cyber/Faithful-Cockatrice-Pod-Arts/main/WLX/published/images/WLX/084-0e553f8c1bed.jpg,0e553f8c1bed9572669c8de4dbd7023f66a8aeea48790f95061a06593a00163e,2976x4152
Will,official,Painful Quandary,,WLX,085,c3182a5b-9f67-5482-b479-b4a264147eb4,special,images/WLX/085-bb73d3884cf3.jpg,https://raw.githubusercontent.com/seventyfourpandas-cyber/Faithful-Cockatrice-Pod-Arts/main/WLX/published/images/WLX/085-bb73d3884cf3.jpg,bb73d3884cf33ef883112f077bcaacf7683996406202fda7db0cfcb4ea5b3651,2976x4152
Will,official,"Pantlaza, Sun-Favored",,WLX,086,74c5e994-be9c-58f7-baff-c25feaaf6b7c,special,images/WLX/086-46e2d9a78735.jpg,https://raw.githubusercontent.com/seventyfourpandas-cyber/Faithful-Cockatrice-Pod-Arts/main/WLX/published/images/WLX/086-46e2d9a78735.jpg,46e2d9a787351f9a75aff292237787f27f2039585cf4e86ec8a8437375d57b66,2976x4152
Will,official,Persistent Constrictor,,WLX,087,cb93f0b3-0b8c-5483-bb99-cdddaecc7e7e,special,images/WLX/087-c1229e76bf4b.jpg,https://raw.githubusercontent.com/seventyfourpandas-cyber/Faithful-Cockatrice-Pod-Arts/main/WLX/published/images/WLX/087-c1229e76bf4b.jpg,c1229e76bf4b7a646f809f18eb2e584e3f4020892042b3092821bd041a332d9e,2976x4152
Will,official,Phyrexian Triniform,,WLX,089,5e5ab8a4-d9d7-5b8e-8e8d-63b7869f1034,special,images/WLX/089-c376ee459326.jpg,https://raw.githubusercontent.com/seventyfourpandas-cyber/Faithful-Cockatrice-Pod-Arts/main/WLX/published/images/WLX/089-c376ee459326.jpg,c376ee459326152aef273d924067de6212f48930a34403c906ffe8ae0b324ece,2976x4152
Will,official,"Plagon, Lord of the Beach",,WLX,090,7ff767ae-38de-5440-96b6-eb9c22a31fd3,special,images/WLX/090-a8a9c077a6c4.jpg,https://raw.githubusercontent.com/seventyfourpandas-cyber/Faithful-Cockatrice-Pod-Arts/main/WLX/published/images/WLX/090-a8a9c077a6c4.jpg,a8a9c077a6c40c8b71506bcd1c46b270333888d6187a25c633ee1aaea5858728,2976x4152
Will,official,Pyre of Heroes,,WLX,091,97c1f95e-da60-5876-84e8-a8db9ee8d115,special,images/WLX/091-9e2df6eb568a.jpg,https://raw.githubusercontent.com/seventyfourpandas-cyber/Faithful-Cockatrice-Pod-Arts/main/WLX/published/images/WLX/091-9e2df6eb568a.jpg,9e2df6eb568a977aa18fccfd902aa82106e5421c4f8c06d8b14dbe2edcbd9682,2976x4152
Will,official,"Raggadragga, Goreguts Boss",,WLX,092,949ef209-2a7e-5a40-9c89-f21832c6f385,special,images/WLX/092-5ff12bb8f74b.jpg,https://raw.githubusercontent.com/seventyfourpandas-cyber/Faithful-Cockatrice-Pod-Arts/main/WLX/published/images/WLX/092-5ff12bb8f74b.jpg,5ff12bb8f74b49e0804a2b6bc64f9591f152fb66e459278c72f1c2c5c3707824,2976x4152
Will,official,Railway Brawler,,WLX,093,8e571301-ea33-57b8-957d-1a780fa47d1c,special,images/WLX/093-bed878edce63.jpg,https://raw.githubusercontent.com/seventyfourpandas-cyber/Faithful-Cockatrice-Pod-Arts/main/WLX/published/images/WLX/093-bed878edce63.jpg,bed878edce631096a38e555b760862ba98067c0194db81f674259a035b81ac31,2976x4152
Will,official,Rakdos Charm,,WLX,094,ada2d526-a6f3-598f-ac5e-ff15395821a6,special,images/WLX/094-e77b2f80abd1.jpg,https://raw.githubusercontent.com/seventyfourpandas-cyber/Faithful-Cockatrice-Pod-Arts/main/WLX/published/images/WLX/094-e77b2f80abd1.jpg,e77b2f80abd14d4eee4317bdc75d6961d331943f944ab77a75a5e309567548d8,2976x4152
Will,official,Rakdos Signet,,WLX,095,38f78c4d-2c8c-5e36-8895-3ca89c6b10a2,special,images/WLX/095-84ce7fd4c5c9.jpg,https://raw.githubusercontent.com/seventyfourpandas-cyber/Faithful-Cockatrice-Pod-Arts/main/WLX/published/images/WLX/095-84ce7fd4c5c9.jpg,84ce7fd4c5c93bf8b9f04838692114fd3450f1478772d395c2a290f8c593fb30,2976x4152
Will,official,"Rakdos, Lord of Riots",,WLX,096,fa5a1535-e401-53d8-9f21-7f685735a812,special,images/WLX/096-cccb3594db89.jpg,https://raw.githubusercontent.com/seventyfourpandas-cyber/Faithful-Cockatrice-Pod-Arts/main/WLX/published/images/WLX/096-cccb3594db89.jpg,cccb3594db8920874fadef3ea34ef1809d44a0f617b858ed93975c3ebd1cffdc,2976x4152
Will,official,Rampant Growth,,WLX,097,cd8d5327-ab90-5216-afe4-ca692db95ba8,special,images/WLX/097-18b475f8e4f0.jpg,https://raw.githubusercontent.com/seventyfourpandas-cyber/Faithful-Cockatrice-Pod-Arts/main/WLX/published/images/WLX/097-18b475f8e4f0.jpg,18b475f8e4f02144c106b574b1aba87a236066f161fa31e2c3c33f0d5c564821,2976x4152
Will,official,Reflections of Littjara,,WLX,098,592733e8-67c2-5a88-a4aa-a3eb81917c58,special,images/WLX/098-8c97f0c1b634.jpg,https://raw.githubusercontent.com/seventyfourpandas-cyber/Faithful-Cockatrice-Pod-Arts/main/WLX/published/images/WLX/098-8c97f0c1b634.jpg,8c97f0c1b63418cda3ed58a4f86f17b933d9dc39a4ba5dbdbd32b46ac053114f,2976x4152
Will,official,Renewed Solidarity,,WLX,099,b97e2b01-4a5e-545e-96b1-56664e0e36b8,special,images/WLX/099-b7cd81c6d2d7.jpg,https://raw.githubusercontent.com/seventyfourpandas-cyber/Faithful-Cockatrice-Pod-Arts/main/WLX/published/images/WLX/099-b7cd81c6d2d7.jpg,b7cd81c6d2d71c54441bff93b6c5aa6fa1fd5fbb6558e0587ad61845eee13f91,2976x4152
Will,official,Return of the Wildspeaker,,WLX,100,4ffa2def-d05a-5171-b061-b306966450ef,special,images/WLX/100-2a2cae478a81.jpg,https://raw.githubusercontent.com/seventyfourpandas-cyber/Faithful-Cockatrice-Pod-Arts/main/WLX/published/images/WLX/100-2a2cae478a81.jpg,2a2cae478a815b8f76840a5ffa736551263f46d6194023f96aef7d3b858064ad,2976x4152
Will,official,"Rex, Cyber-Hound",,WLX,101,09555d08-199c-5909-96cf-757d56a1a894,special,images/WLX/101-2915d99b5e62.jpg,https://raw.githubusercontent.com/seventyfourpandas-cyber/Faithful-Cockatrice-Pod-Arts/main/WLX/published/images/WLX/101-2915d99b5e62.jpg,2915d99b5e628e991041e38391b272fe12d9f30f79b109c57e27058c587945a4,2976x4152
Will,official,Ripples of Undeath,,WLX,102,468fe768-3049-5f51-801c-6fb84a82e434,special,images/WLX/102-7b12c0614722.jpg,https://raw.githubusercontent.com/seventyfourpandas-cyber/Faithful-Cockatrice-Pod-Arts/main/WLX/published/images/WLX/102-7b12c0614722.jpg,7b12c0614722757f554c705d3414829f64f360d87194289185b9b30ffccc80b9,2976x4152
Will,official,Risen Reef,,WLX,103,971b12bc-b572-5820-8d02-0ccf03cc44d1,special,images/WLX/103-5ade4a09e8c0.jpg,https://raw.githubusercontent.com/seventyfourpandas-cyber/Faithful-Cockatrice-Pod-Arts/main/WLX/published/images/WLX/103-5ade4a09e8c0.jpg,5ade4a09e8c0fcc16f3bdc1733c681fbdf1715f044fbb11182893cc27bede7dd,2976x4152
Will,official,Roiling Vortex,,WLX,104,03b2cc1d-96b1-5d93-84b6-f59836af1bf5,special,images/WLX/104-7cddc9eaef5a.jpg,https://raw.githubusercontent.com/seventyfourpandas-cyber/Faithful-Cockatrice-Pod-Arts/main/WLX/published/images/WLX/104-7cddc9eaef5a.jpg,7cddc9eaef5adb9768bf1ca1c1f18926989b37e58add363325814aa2a3f6518e,2976x4152
Will,official,Rotting Regisaur,,WLX,105,9adabe42-d42b-56ba-8145-8d54a30a25c9,special,images/WLX/105-a66cdbc12705.jpg,https://raw.githubusercontent.com/seventyfourpandas-cyber/Faithful-Cockatrice-Pod-Arts/main/WLX/published/images/WLX/105-a66cdbc12705.jpg,a66cdbc12705aaf92534bdef2126737e36d27272a7f3b7f35ac9027cd5a4ddf5,2976x4152
Will,official,Rug of Smothering,,WLX,106,31082f7e-bb34-53d2-9470-715cdde2a9a0,special,images/WLX/106-35680484ce5d.jpg,https://raw.githubusercontent.com/seventyfourpandas-cyber/Faithful-Cockatrice-Pod-Arts/main/WLX/published/images/WLX/106-35680484ce5d.jpg,35680484ce5d701a31a92d6c79579ab274c3b536058ef240cb96aec25e95e149,2976x4152
Will,official,Sawhorn Nemesis,,WLX,107,577ae408-e88c-5d9a-b2a7-4ca03f4f42de,special,images/WLX/107-770a9bf22e46.jpg,https://raw.githubusercontent.com/seventyfourpandas-cyber/Faithful-Cockatrice-Pod-Arts/main/WLX/published/images/WLX/107-770a9bf22e46.jpg,770a9bf22e46069a78f67ec7aac13f8d37ef842cbaeebcd71483e1836385b531,2976x4152
Will,official_double_faced,"Etali, Primal Conqueror",,WLX,108,5cc6c1fd-ad6b-5707-8135-5f3210657325,special,images/WLX/108-front-d0eacdda6bf2.jpg,https://raw.githubusercontent.com/seventyfourpandas-cyber/Faithful-Cockatrice-Pod-Arts/main/WLX/published/images/WLX/108-front-d0eacdda6bf2.jpg,d0eacdda6bf221d83e4e4e80ed80494c2457f3975ce0c29ae3727268b2042bee,2976x4152
Will,official_double_faced,"Etali, Primal Sickness",,WLX,108,5cc6c1fd-ad6b-5707-8135-5f3210657325,special,images/WLX/108-back-a9aa7d3bdd6e.jpg,https://raw.githubusercontent.com/seventyfourpandas-cyber/Faithful-Cockatrice-Pod-Arts/main/WLX/published/images/WLX/108-back-a9aa7d3bdd6e.jpg,a9aa7d3bdd6e0d429c1207d0a0941a2bffec25da9a49d946be50d25be47c4366,2976x4152
